epoch,gen_loss,disc_loss,time_sec
5,2.1259995,0.7406812,33.64422583580017
10,1.9253292,0.82156557,33.63045620918274
15,1.4639975,0.98486835,33.70233654975891
20,1.4197623,0.99366325,33.54214787483215
25,1.8063561,0.89128935,33.63996863365173
30,1.597664,0.9592045,33.519633769989014
35,1.1907579,1.1247532,33.463160276412964
40,1.4387918,1.0340538,33.48024868965149
45,1.3033698,1.0537302,33.409531593322754
50,1.629936,0.9618451,33.4391872882843
