epoch,gen_loss,disc_loss,time_sec
5,4.78192,0.6482391,12.970519781112671
10,4.6616044,0.5254389,14.017653465270996
15,5.726598,0.52871203,14.243651390075684
20,5.9715433,0.48125917,14.426948308944702
25,6.359342,0.4266003,14.265349388122559
30,7.4173417,0.43399373,14.44369912147522
35,7.041691,0.46737868,14.319294214248657
40,7.450445,0.33660743,14.429210186004639
45,7.089464,0.368719,14.399883508682251
50,7.268684,0.36555448,14.393163681030273
